x,y,z,id,pre1,pre2,pre3,pre4,pre5,pre6,pre7,pre8
100,0,0,0,5.4746295438787e-08,1.0748759431077e-07,4.726872516886e-08,3.0540316068867e-08,2.1638102994476e-08,2.837271793186e-09,1.0933693288114e-09,1.3780116431631e-10
100,1,0,1,5.4746295438787e-08,1.0748759431077e-07,4.726872516886e-08,3.0540316068867e-08,2.1638102994476e-08,2.837271793186e-09,1.0933693288114e-09,1.3780116431631e-10
100,2,0,2,7.1780310851142e-08,1.4001246599982e-07,6.1630418076553e-08,3.9881174224486e-08,2.8264866460415e-08,3.7066265796515e-09,1.4284453529835e-09,1.8003444916398e-10
100,3,0,3,8.9996202814737e-08,1.7245839758659e-07,7.5880246269413e-08,4.9180160518588e-08,3.4869090152093e-08,4.5733196691489e-09,1.7625332620283e-09,2.2214455671383e-10
100,4,0,4,1.0991891741597e-07,2.0595688114163e-07,9.0300096808373e-08,5.8452299831816e-08,4.1451900797625e-08,5.4373068061061e-09,2.0956129820408e-09,2.6412948620936e-10
100,5,0,5,1.3009139241076e-07,2.3990565323984e-07,1.0482261413156e-07,6.7694937157135e-08,4.8013165045145e-08,6.2985911446222e-09,2.4276762366638e-09,3.0598749301088e-10
100,6,0,6,1.5017652162226e-07,2.7416249871262e-07,1.1948227842656e-07,7.691955928147e-08,5.4553890522311e-08,7.1571273245675e-09,2.7586953284449e-09,3.4771502966594e-10
100,7,0,7,1.6967132294048e-07,3.0818152788544e-07,1.3415897346106e-07,8.6124820809585e-08,6.107348457431e-08,8.0128463895591e-09,3.0886409369859e-09,3.8930814126755e-10
100,8,0,8,1.8838455078655e-07,3.4167050115924e-07,1.4876972013064e-07,9.5314525185483e-08,6.7572088210322e-08,8.8656692527887e-09,3.4174754964887e-09,4.3076195676757e-10
100,9,0,9,2.0616039494616e-07,3.7434408089019e-07,1.6320719379504e-07,1.0448632597336e-07,7.4048979260738e-08,9.7154931800916e-09,3.7451576208203e-09,4.7207113586584e-10
100,10,0,10,2.229456588966e-07,4.0603382103009e-07,1.7738842282179e-07,1.1363804362981e-07,8.0503602587136e-08,1.0562208174937e-08,4.0716414348756e-09,5.1322980179214e-10
100,11,0,11,2.3872787858143e-07,4.3661919322593e-07,1.9124069346284e-07,1.2276439007999e-07,8.6934974528229e-08,1.1405688724e-08,4.3968778123116e-09,5.5423170361297e-10
100,12,0,12,2.5353507992553e-07,4.6603604321497e-07,2.0471019727189e-07,1.3185889381374e-07,9.3342032444817e-08,1.2245801814371e-08,4.7208147261683e-09,5.9507024498697e-10
100,13,0,13,2.6741552184666e-07,4.942543171711e-07,2.1775718381888e-07,1.4091323373845e-07,9.972345669369e-08,1.3082404250498e-08,5.0433977630224e-09,6.3573855915599e-10
100,14,0,14,2.804308724318e-07,5.212729447512e-07,2.3035569173409e-07,1.4991789447353e-07,1.0607777755178e-07,1.3915345983927e-08,5.3645704993838e-09,6.7622954698255e-10
100,15,0,15,2.9264800419352e-07,5.4711046243778e-07,2.4249070061532e-07,1.5886218927098e-07,1.1240333247471e-07,1.4744469713732e-08,5.6842748106545e-09,7.1653591997435e-10
100,16,0,16,3.041348513498e-07,5.7180003543231e-07,2.541563839472e-07,1.6773459416827e-07,1.1869830035815e-07,1.5569612328305e-08,6.0024511462118e-09,7.5665023081545e-10
100,17,0,17,3.1495719908978e-07,5.9538455848821e-07,2.6535407965036e-07,1.7652293864987e-07,1.2496069635782e-07,1.6390605162434e-08,6.3190387444032e-09,7.9656490133272e-10
100,18,0,18,3.2517701847721e-07,6.1791330008031e-07,2.7609070471965e-07,1.8521466580987e-07,1.3118838561444e-07,1.7207274735093e-08,6.6339758251076e-09,8.362722448693e-10
100,19,0,19,3.3485150133245e-07,6.3943913249417e-07,2.8637732942092e-07,1.9379705652596e-07,1.3737908665405e-07,1.8019443114504e-08,6.9471997460844e-09,8.7576448571108e-10
100,20,0,20,3.4403271449475e-07,6.6001651681094e-07,2.9622803134076e-07,2.0225745949997e-07,1.4353037882063e-07,1.8826928378188e-08,7.2586471413514e-09,9.150337754255e-10
100,21,0,21,3.5276758472694e-07,6.7969996822959e-07,3.0565894828182e-07,2.1058349914163e-07,1.4963970691133e-07,1.9629544945667e-08,7.5682540385106e-09,9.5407220703534e-10
100,22,0,22,3.6109811121149e-07,6.9854295789664e-07,3.146875280904e-07,2.1876326605411e-07,1.5570438665865e-07,2.0427103911883e-08,7.8759559629856e-09,9.9287182732165e-10
100,23,0,23,3.690616942611e-07,7.1659713519501e-07,3.2333193575032e-07,2.2678548112995e-07,1.6172160977303e-07,2.121941332874e-08,8.1816880297454e-09,1.0314246476941e-09
100,24,0,24,3.766915246054e-07,7.3391181017526e-07,3.3161059614104e-07,2.3463963270756e-07,1.6768844969352e-07,2.2006278470736e-08,8.4853850261896e-09,1.0697226538944e-09
100,25,0,25,3.8401699003575e-07,7.505336315928e-07,3.3954184629428e-07,2.4231608467076e-07,1.7360186804189e-07,2.2787502074599e-08,8.7869814874118e-09,1.1077578147819e-09
100,26,0,26,3.9106407602225e-07,7.6650641513591e-07,3.4714367733781e-07,2.4980615628956e-07,1.7945872227921e-07,2.3562884564181e-08,9.0864117657085e-09,1.1455220903822e-09
100,27,0,27,3.9785574529149e-07,7.8187108258533e-07,3.5443354799574e-07,2.5710217511425e-07,1.8525577473986e-07,2.4332224260241e-08,9.3836100953473e-09,1.1830074393483e-09
100,28,0,28,4.0441228897757e-07,7.9666568214714e-07,3.6142825504846e-07,2.6419750540191e-07,1.9098970325423e-07,2.5095317579488e-08,9.6785106535995e-09,1.220205825946e-09
100,29,0,29,4.1075164594309e-07,8.1092546612093e-07,3.6814384845473e-07,2.7108655496031e-07,1.966571134245e-07,2.5851959224399e-08,9.9710476187373e-09,1.257109226653e-09
100,30,0,30,4.1688968974507e-07,8.246830077121e-07,3.7459558119341e-07,2.777647636216e-07,2.0225455255091e-07,2.6601942366107e-08,1.0261155225544e-08,1.2937096364367e-09
100,31,0,31,4.2284048428578e-07,8.3796834299696e-07,3.8079788572898e-07,2.8422857657413e-07,2.0777852511142e-07,2.7345058822088e-08,1.0548767818769e-08,1.3299990747618e-09
100,32,0,32,4.2861651013041e-07,8.5080912753712e-07,3.8676437061193e-07,2.9047540566657e-07,2.1322550962917e-07,2.8081099230406e-08,1.0833819904851e-08,1.3659695913654e-09
100,33,0,33,4.3422886391398e-07,8.6323079983097e-07,3.9250783202851e-07,2.9650358155419e-07,2.18591976702e-07,2.8809853222129e-08,1.1116246202131e-08,1.401613271825e-09
100,34,0,34,4.3968743343e-07,8.7525674592775e-07,3.9804027619907e-07,3.0231229925558e-07,2.2387440792812e-07,2.9531109593687e-08,1.1395981689763e-08,1.4369222429417e-09
100,35,0,35,4.4500105096744e-07,8.8690846115532e-07,4.0337294939452e-07,3.079015593452e-07,2.2906931543393e-07,3.0244656480774e-08,1.1672961655427e-08,1.471888677951e-09
100,36,0,36,4.5017762734813e-07,8.9820570618604e-07,4.0851637305682e-07,3.1327210666819e-07,2.341732617004e-07,3.0950281535654e-08,1.1947121741987e-08,1.5065048015714e-09
100,37,0,37,4.5522426893171e-07,9.0916665560637e-07,4.1348038207535e-07,3.1842536813042e-07,2.3918287938439e-07,3.1647772109582e-08,1.221839799312e-08,1.5407628948984e-09
100,38,0,38,4.6014737965802e-07,9.1980803788376e-07,4.1827416473305e-07,3.2336339081602e-07,2.440948908454e-07,3.2336915442301e-08,1.2486726898039e-08,1.574655300149e-09
100,39,0,39,4.6495274998251e-07,9.3014526614402e-07,4.2290630319649e-07,3.2808878140997e-07,2.4890612710747e-07,3.3017498860392e-08,1.2752045435305e-08,1.6081744252586e-09
100,40,0,40,4.696456343609e-07,9.4019255956662e-07,4.273848137157e-07,3.3260464766859e-07,2.5361354601484e-07,3.3689309986467e-08,1.301429111582e-08,1.6413127483366e-09
100,41,0,41,4.742308187448e-07,9.4996305547371e-07,4.3171718592413e-07,3.3691454247719e-07,2.5821424936971e-07,3.4352136960983e-08,1.327340202501e-08,1.6740628219789e-09
100,42,0,42,4.7871267937676e-07,9.5946891238499e-07,4.3591042080938e-07,3.41022410867e-07,2.6270549887524e-07,3.5005768678535e-08,1.3529316864256e-08,1.7064172774436e-09
100,43,0,43,4.8309523401201e-07,9.6872140443294e-07,4.3997106706116e-07,3.4493254022388e-07,2.6708473074018e-07,3.5649995040269e-08,1.3781974991609e-08,1.7383688286891e-09
100,44,0,44,4.8738218655326e-07,9.7773100761508e-07,4.439052556111e-07,3.4864951381141e-07,2.7134956883541e-07,3.6284607223957e-08,1.4031316461825e-08,1.7699102762793e-09
100,45,0,45,4.9157696595856e-07,9.8650747840342e-07,4.4771873225993e-07,3.5217816764285e-07,2.7549783632483e-07,3.6909397973092e-08,1.4277282065765e-08,1.8010345111567e-09
100,46,0,46,4.9568276016941e-07,9.9505992524721e-07,4.5141688834783e-07,3.5552355066875e-07,2.7952756572195e-07,3.7524161906037e-08,1.4519813369204e-08,1.8317345182874e-09
100,47,0,47,4.9970254571097e-07,1.0033968735085e-06,4.5500478947081e-07,3.5869088819728e-07,2.8343700735146e-07,3.8128695846094e-08,1.4758852751085e-08,1.8620033801811e-09
100,48,0,48,5.03639113528e-07,1.0115263243532e-06,4.5848720227753e-07,3.6168554842624e-07,2.8722463621772e-07,3.8722799172921e-08,1.4994343441266e-08,1.8918342802885e-09
100,49,0,49,5.0749509154779e-07,1.0194558081011e-06,4.6186861940556e-07,3.6451301194177e-07,2.9088915730394e-07,3.9306274195482e-08,1.5226229557804e-08,1.92122050628e-09
100,50,0,50,5.1127296440665e-07,1.0271924325344e-06,4.6515328264093e-07,3.671788440282e-07,2.9442950935208e-07,3.9878926547622e-08,1.5454456144184e-08,1.950155453234e-09
100,51,0,51,5.1497609172315e-07,1.0347449456255e-06,4.6834604810479e-07,3.6968928208977e-07,2.9784569054604e-07,4.0440690166184e-08,1.5679007884898e-08,1.9786358204417e-09
100,52,0,52,5.1860483480663e-07,1.0421159159084e-06,4.7144911494511e-07,3.7204877842269e-07,3.011355275254e-07,4.0991143710707e-08,1.589975921343e-08,2.0066492471249e-09
100,53,0,53,5.2216216688709e-07,1.0493131050499e-06,4.7446680179835e-07,3.7426356575989e-07,3.042993726901e-07,4.1530207780519e-08,1.6116689752204e-08,2.0341920749259e-09
100,54,0,54,5.256502110958e-07,1.0563424478352e-06,4.7740259661385e-07,3.7633936003669e-07,3.0733715865272e-07,4.2057712829301e-08,1.6329750763669e-08,2.0612583281056e-09
100,55,0,55,5.2907095595988e-07,1.0632095178796e-06,4.8025977875849e-07,3.7828182172138e-07,3.1024900130935e-07,4.2573487777159e-08,1.6538892476199e-08,2.087841983088e-09
100,56,0,56,5.3242632156649e-07,1.0699196698791e-06,4.8304148209855e-07,3.8009657828802e-07,3.1303524373932e-07,4.3077367488836e-08,1.6744066223191e-08,2.1139371381893e-09
100,57,0,57,5.3571816847755e-07,1.0764780654453e-06,4.8575070911408e-07,3.8178921209627e-07,3.1569645224207e-07,4.3569193405794e-08,1.6945224512106e-08,2.1395380182696e-09
100,58,0,58,5.3894830960663e-07,1.0828897041302e-06,4.8839034694596e-07,3.8336525097737e-07,3.1823341365204e-07,4.4048814573052e-08,1.7142321195098e-08,2.1646389849811e-09
100,59,0,59,5.4211973371962e-07,1.0891618187754e-06,4.9096414019664e-07,3.848306289256e-07,3.2064789608263e-07,4.4516223792039e-08,1.7335351711263e-08,2.1892373990911e-09
100,60,0,60,5.4523186612889e-07,1.0952946155837e-06,4.9347294088141e-07,3.8618978301113e-07,3.2293959089626e-07,4.4971027065912e-08,1.7524196463044e-08,2.2133225083207e-09
100,61,0,61,5.4828732735299e-07,1.1012945210677e-06,4.9592008961143e-07,3.8744843345164e-07,3.2511053578035e-07,4.5413204015737e-08,1.7708844223906e-08,2.2368912841466e-09
100,62,0,62,5.5128788452095e-07,1.1071662387835e-06,4.9830818723352e-07,3.8861184198262e-07,3.2716238957176e-07,4.5842649543066e-08,1.7889257585884e-08,2.2599388691876e-09
100,63,0,63,5.5423516110734e-07,1.1129141536025e-06,5.0063967080964e-07,3.8968512755418e-07,3.2909691485949e-07,4.6259255542178e-08,1.8065396908683e-08,2.2824602985362e-09
100,64,0,64,5.5713075000107e-07,1.1185425581717e-06,5.0291690817756e-07,3.9067330755718e-07,3.3091604104661e-07,4.6662923567881e-08,1.8237223862643e-08,2.3044507427363e-09
100,65,0,65,5.5997621979751e-07,1.1240556695787e-06,5.0514220712185e-07,3.9158129525006e-07,3.326218571542e-07,4.7053565660152e-08,1.8404701559947e-08,2.3259055151536e-09
100,66,0,66,5.6277311733144e-07,1.1294576381988e-06,5.073178212145e-07,3.9241389641886e-07,3.3421660218428e-07,4.7431104794126e-08,1.8567794595672e-08,2.3468200741503e-09
100,67,0,67,5.6552379120953e-07,1.1347541205641e-06,5.0944657767931e-07,3.9317598783819e-07,3.3570300640587e-07,4.7795557813518e-08,1.8726495949382e-08,2.3671920445542e-09
100,68,0,68,5.6822893822782e-07,1.1399475949429e-06,5.1153001324485e-07,3.9387193130617e-07,3.3708316428129e-07,4.8146783551864e-08,1.8880745739139e-08,2.3870151232921e-09
100,69,0,69,5.7088929869693e-07,1.1450406268244e-06,5.135696824222e-07,3.9450605792476e-07,3.3835942235267e-07,4.8484667211413e-08,1.9030489022193e-08,2.4062833854247e-09
100,70,0,70,5.7350704043689e-07,1.1500384849616e-06,5.155681941305e-07,3.9508288868361e-07,3.3953483849777e-07,4.8809250724437e-08,1.9175719842473e-08,2.4249946418443e-09
100,71,0,71,5.7608366903394e-07,1.1549451600818e-06,5.1752762931599e-07,3.9560667020063e-07,3.4061227023723e-07,4.9120521128404e-08,1.9316411901376e-08,2.443145174502e-09
100,72,0,72,5.7862123224842e-07,1.1597656506592e-06,5.1945044944901e-07,3.9608160017924e-07,3.4159480307647e-07,4.9418522525787e-08,1.9452554906599e-08,2.4607323629618e-09
100,73,0,73,5.8112110935359e-07,1.1645036815146e-06,5.2133859668494e-07,3.9651164484966e-07,3.4248536728889e-07,4.9703252569874e-08,1.9584122156935e-08,2.4777525702156e-09
100,74,0,74,5.8358314079971e-07,1.1691600879785e-06,5.2319285867442e-07,3.9690049473824e-07,3.4328664975907e-07,4.9974606990205e-08,1.9711050357318e-08,2.4941997613969e-09
100,75,0,75,5.8600966231391e-07,1.1737403896145e-06,5.2501585884042e-07,3.9725205208226e-07,3.4400206346042e-07,5.023269924804e-08,1.983334400605e-08,2.5100724399723e-09
100,76,0,76,5.8840214414533e-07,1.1782484667557e-06,5.2680955970967e-07,3.9756997521362e-07,3.4463481710822e-07,5.0477583012293e-08,1.9950985913676e-08,2.5253676834694e-09
100,77,0,77,5.9076196563971e-07,1.182688021242e-06,5.2857584116054e-07,3.9785779379262e-07,3.4518813799338e-07,5.0709318841132e-08,2.0063958896069e-08,2.5400826259603e-09
100,78,0,78,5.930907160724e-07,1.1870631386607e-06,5.3031672333226e-07,3.9811893713605e-07,3.4566530806804e-07,5.0927994240377e-08,2.0172252729235e-08,2.5542149177366e-09
100,79,0,79,5.9539091560484e-07,1.1913796311766e-06,5.3203489997844e-07,3.9835677848165e-07,3.4606968247358e-07,5.1133761873705e-08,2.027587922171e-08,2.567763783692e-09
100,80,0,80,5.9766110008039e-07,1.1956358695357e-06,5.3373010886974e-07,3.9857429039548e-07,3.464042624805e-07,5.1326543303668e-08,2.0374761567267e-08,2.5807222920507e-09
100,81,0,81,5.9990379560947e-07,1.1998376632519e-06,5.3540501951338e-07,3.9877464084792e-07,3.4667251853317e-07,5.1506532202979e-08,2.046891987846e-08,2.5930903456827e-09
100,82,0,82,6.0212047203699e-07,1.2039888353969e-06,5.3706150557402e-07,3.9896079439708e-07,3.4687776975182e-07,5.1673861737417e-08,2.0558349473565e-08,2.6048660705078e-09
100,83,0,83,6.0431427271604e-07,1.20809631656e-06,5.3870266975854e-07,3.9913569003942e-07,3.4702326506905e-07,5.1828741776904e-08,2.0643074169266e-08,2.6160494100027e-09
100,84,0,84,6.0648308866829e-07,1.2121572331196e-06,5.4032770478405e-07,3.9930186979445e-07,3.4711227446717e-07,5.1971166689111e-08,2.0723031180528e-08,2.626634970139e-09
100,85,0,85,6.0862941105429e-07,1.2161772682785e-06,5.4193919246939e-07,3.994620187202e-07,3.4714807966781e-07,5.2101355171769e-08,2.0798241489471e-08,2.6366226463519e-09
100,86,0,86,6.1075470115779e-07,1.220160165981e-06,5.4353893452285e-07,3.99618651454e-07,3.4713389891576e-07,5.22194844663e-08,2.0868708014249e-08,2.6460111840263e-09
100,87,0,87,6.1286018965989e-07,1.2241092204026e-06,5.4512854364162e-07,3.9977416012947e-07,3.4707290653367e-07,5.2325731771355e-08,2.0934432073827e-08,2.6547992938882e-09
100,88,0,88,6.1494854888991e-07,1.2280304098017e-06,5.4671070639076e-07,3.9993092551801e-07,3.4696806853406e-07,5.242031570421e-08,2.0995434387306e-08,2.6629870044259e-09
100,89,0,89,6.1701876905703e-07,1.2319227886317e-06,5.4828531003312e-07,4.0009099185052e-07,3.4682265069483e-07,5.2503368180151e-08,2.1051689511345e-08,2.670571339557e-09
100,90,0,90,6.1907206135746e-07,1.2357895365085e-06,5.4985388434616e-07,4.0025642054616e-07,3.4663969984007e-07,5.2575101170564e-08,2.110320734018e-08,2.6775517095316e-09
100,91,0,91,6.2111036696241e-07,1.2396351802049e-06,5.514184962119e-07,4.0042922485904e-07,3.4642208137513e-07,5.2635740916504e-08,2.1150005242956e-08,2.6839280029225e-09
100,92,0,92,6.2313588930109e-07,1.2434647295962e-06,5.5298140882113e-07,4.0061136415248e-07,3.4617249647395e-07,5.2685506846631e-08,2.1192099864095e-08,2.6897000915791e-09
100,93,0,93,6.2514710892476e-07,1.2472761130194e-06,5.5454197687396e-07,4.0080435907178e-07,3.4589416481445e-07,5.2724597191109e-08,2.1229482433002e-08,2.6948663339034e-09
100,94,0,94,6.271459299461e-07,1.2510736881596e-06,5.5610216258002e-07,4.0100990600632e-07,3.455897048315e-07,5.2753251974518e-08,2.1262174744151e-08,2.6994270164855e-09
100,95,0,95,6.2913364010265e-07,1.2548606111714e-06,5.5766342630332e-07,4.012295518593e-07,3.4526173139741e-07,5.2771705446964e-08,2.1290193665912e-08,2.7033821354722e-09
100,96,0,96,6.3111228740351e-07,1.258641466598e-06,5.5922781403835e-07,4.014648579446e-07,3.4491260612241e-07,5.2780184176911e-08,2.1313558779498e-08,2.7067319488043e-09
100,97,0,97,6.3308205693974e-07,1.2624172389157e-06,5.6079586937844e-07,4.01717069011e-07,3.4454493790254e-07,5.2778921032969e-08,2.1332282144428e-08,2.7094762504399e-09
100,98,0,98,6.3504272065901e-07,1.2661880476179e-06,5.6236774886352e-07,4.0198722896946e-07,3.441613332079e-07,5.2768166350349e-08,2.1346380116334e-08,2.7116151268758e-09
100,99,0,99,6.3699621080738e-07,1.2699581228348e-06,5.6394530917476e-07,4.0227658669726e-07,3.4376386933465e-07,5.27481503688e-08,2.1355875914351e-08,2.7131492165172e-09
100,100,0,100,6.3894420628215e-07,1.2737311825205e-06,5.6553018943049e-07,4.025863001193e-07,3.4335455786159e-07,5.2719094735841e-08,2.1360789724111e-08,2.714079026656e-09
100,101,0,101,6.408854327857e-07,1.277505136527e-06,5.6712155758185e-07,4.029168916088e-07,3.4293589434238e-07,5.2681274956123e-08,2.1361144208081e-08,2.714405121063e-09
100,102,0,102,6.4282117623655e-07,1.2812828106262e-06,5.6872063510859e-07,4.0326921326945e-07,3.4250973450042e-07,5.2634922406906e-08,2.1356964113028e-08,2.7141283592182e-09
100,103,0,103,6.4475247719769e-07,1.2850665005178e-06,5.7032840499866e-07,4.036439842313e-07,3.4207786513531e-07,5.2580267542893e-08,2.1348274236387e-08,2.7132496480285e-09
100,104,0,104,6.4668194934824e-07,1.2888615806768e-06,5.7194716436155e-07,4.04042229774e-07,3.4164164171703e-07,5.2517484825777e-08,2.1335091891024e-08,2.7117696583895e-09
100,105,0,105,6.4860752433971e-07,1.2926641020838e-06,5.7357519364165e-07,4.0446379881392e-07,3.4120322935548e-07,5.2446875085984e-08,2.1317451894176e-08,2.709689813096e-09
100,106,0,106,6.5052999844316e-07,1.2964757027315e-06,5.7521314497141e-07,4.049090676185e-07,3.4076407710494e-07,5.2368656396463e-08,2.1295380844708e-08,2.7070113049457e-09
100,107,0,107,6.5245200053001e-07,1.3003016418357e-06,5.7686322947924e-07,4.0537884128076e-07,3.4032517849302e-07,5.2282976260246e-08,2.1268894758503e-08,2.7037350000129e-09
100,108,0,108,6.5437190763156e-07,1.3041385972325e-06,5.7852391786515e-07,4.0587267126378e-07,3.3988818289711e-07,5.2190115201255e-08,2.1238032518116e-08,2.6998627177714e-09
100,109,0,109,6.562900742524e-07,1.3079871320309e-06,5.8019534493563e-07,4.0639053202259e-07,3.3945422039323e-07,5.2090279132667e-08,2.1202822596457e-08,2.6953959291081e-09
100,110,0,110,6.5820725615267e-07,1.3118485490829e-06,5.8187794970572e-07,4.0693241905402e-07,3.3902421550365e-07,5.1983650668936e-08,2.1163291194084e-08,2.6903361100368e-09
100,111,0,111,6.6012546671114e-07,1.3157266671945e-06,5.8357326909679e-07,4.0749868799614e-07,3.3859877087858e-07,5.1870346205812e-08,2.111945201586e-08,2.6846842979842e-09
100,112,0,112,6.6204333104148e-07,1.3196183397611e-06,5.852797586109e-07,4.0808849032506e-07,3.3817890033243e-07,5.1750607362936e-08,2.1071346315351e-08,2.6784427606173e-09
100,113,0,113,6.6396060114811e-07,1.3235226334312e-06,5.8699682571361e-07,4.0870123162169e-07,3.3776527010718e-07,5.1624616727095e-08,2.1019004957861e-08,2.6716133497428e-09
100,114,0,114,6.6587921694473e-07,1.327443047732e-06,5.8872582807967e-07,4.0933703217001e-07,3.3735810887252e-07,5.1492450632137e-08,2.0962438434781e-08,2.6641972445818e-09
100,115,0,115,6.6779772958393e-07,1.3313760309283e-06,5.9046497375924e-07,4.0999466066399e-07,3.3695795708756e-07,5.1354316983164e-08,2.0901687592489e-08,2.6561968562184e-09
100,116,0,116,6.6971578434841e-07,1.3353202120148e-06,5.9221342175393e-07,4.1067319351993e-07,3.3656504542365e-07,5.1210358753948e-08,2.083678075388e-08,2.6476141343128e-09
100,117,0,117,6.7163358184133e-07,1.339275295977e-06,5.9397079299801e-07,4.1137182765796e-07,3.3617938764851e-07,5.1060680024333e-08,2.0767740385113e-08,2.6384509165268e-09
100,118,0,118,6.7355271077698e-07,1.3432438248538e-06,5.9573796919294e-07,4.1209027758365e-07,3.3580072708452e-07,5.0905301665893e-08,2.0694571535739e-08,2.6287084839046e-09
100,119,0,119,6.7547147368289e-07,1.3472214247327e-06,5.9751271591467e-07,4.1282680197507e-07,3.3542900219701e-07,5.0744382322125e-08,2.0617314715118e-08,2.6183895592351e-09
100,120,0,120,6.7738922439637e-07,1.3512058491867e-06,5.9929373928629e-07,4.1358001610902e-07,3.3506388038819e-07,5.0578007481618e-08,2.0535993983561e-08,2.6074962071548e-09
100,121,0,121,6.7930680839156e-07,1.355197911378e-06,6.0108110904088e-07,4.1434911264726e-07,3.3470476283014e-07,5.0406174607061e-08,2.0450615686903e-08,2.5960300035994e-09
100,122,0,122,6.8122271773947e-07,1.3591934199211e-06,6.0287262383216e-07,4.1513214126583e-07,3.3435107201207e-07,5.022897270826e-08,2.0361210536373e-08,2.5839934245905e-09
100,123,0,123,6.8313594983909e-07,1.3631891879423e-06,6.0466652467917e-07,4.1592730432645e-07,3.3400203253718e-07,5.0046441937383e-08,2.0267798889517e-08,2.5713885912017e-09
100,124,0,124,6.8504622935202e-07,1.3671835004792e-06,6.0646170615154e-07,4.1673306306505e-07,3.3365667161816e-07,4.9858567266522e-08,2.0170390886196e-08,2.5582173879918e-09
100,125,0,125,6.8695368456727e-07,1.3711754392632e-06,6.0825741371533e-07,4.1754800510465e-07,3.3331385505995e-07,4.9665292544793e-08,2.0068989717359e-08,2.5444815801826e-09
100,126,0,126,6.8885666973099e-07,1.3751603006341e-06,6.1005117086882e-07,4.1836980620745e-07,3.32972384906e-07,4.9466625639712e-08,1.9963616997588e-08,2.5301835897147e-09
100,127,0,127,6.9075402942625e-07,1.3791343759348e-06,6.1184094669989e-07,4.1919632103556e-07,3.3263088583537e-07,4.9262522185535e-08,1.9854282875912e-08,2.5153254666421e-09
100,128,0,128,6.9264497499814e-07,1.3830946883107e-06,6.1362503522115e-07,4.20025516507e-07,3.3228781156288e-07,4.9052895381818e-08,1.9740990192513e-08,2.4999091219848e-09
100,129,0,129,6.9452769162703e-07,1.3870360711075e-06,6.1540073442702e-07,4.2085479645576e-07,3.3194148510921e-07,4.8837681135419e-08,1.9623749489043e-08,2.4839367256757e-09
100,130,0,130,6.9640032017945e-07,1.3909532514664e-06,6.1716529503715e-07,4.2168149784536e-07,3.3159007121763e-07,4.8616787595438e-08,1.9502566272252e-08,2.467410318761e-09
100,131,0,131,6.982615180706e-07,1.3948420319939e-06,6.189164559696e-07,4.2250316666491e-07,3.312315648235e-07,4.839007053934e-08,1.937743651441e-08,2.4503317542536e-09
100,132,0,132,7.0010984446414e-07,1.3986980056874e-06,6.2065186358071e-07,4.2331725595274e-07,3.3086380416573e-07,4.8157363462118e-08,1.9248354228111e-08,2.4327029125132e-09
100,133,0,133,7.0194291189902e-07,1.4025148075164e-06,6.2236828743451e-07,4.2412072417502e-07,3.3048448578339e-07,4.7918514864297e-08,1.9115318985552e-08,2.4145258406092e-09
100,134,0,134,7.0375829839019e-07,1.4062860417605e-06,6.240624965405e-07,4.2491049856986e-07,3.3009114381237e-07,4.7673340285735e-08,1.8978324442702e-08,2.3958024504045e-09
100,135,0,135,7.0555345057679e-07,1.4100051015013e-06,6.2573118148584e-07,4.2568343096664e-07,3.2968114458941e-07,4.7421627287259e-08,1.8837360295049e-08,2.3765345993098e-09
100,136,0,136,7.0732514690894e-07,1.4136640956684e-06,6.2737047958985e-07,4.264360569496e-07,3.2925169328452e-07,4.7163157678202e-08,1.8692416629353e-08,2.356724171771e-09
100,137,0,137,7.0906971726688e-07,1.4172543484844e-06,6.2897620943292e-07,4.2716472824453e-07,3.2879982949735e-07,4.6897693342884e-08,1.8543480611806e-08,2.3363730047228e-09
100,138,0,138,7.1078334506968e-07,1.4207670609903e-06,6.3054417544189e-07,4.2786577293344e-07,3.2832241614882e-07,4.6624961261684e-08,1.8390534219994e-08,2.3154828672625e-09
100,139,0,139,7.1246190190665e-07,1.424193020804e-06,6.3207004694381e-07,4.2853543459202e-07,3.2781613448845e-07,4.6344659854384e-08,1.8233556143644e-08,2.2940555079365e-09
100,140,0,140,7.1410039352485e-07,1.4275215582843e-06,6.3354890900813e-07,4.2916965647083e-07,3.2727749476271e-07,4.6056479250022e-08,1.8072525121287e-08,2.2720926971659e-09
100,141,0,141,7.156929328736e-07,1.4307405887406e-06,6.3497530118205e-07,4.2976411859276e-07,3.2670282887459e-07,4.5760094256492e-08,1.7907418043605e-08,2.2495961851588e-09
100,142,0,142,7.1723281282832e-07,1.433836866956e-06,6.3634335176579e-07,4.3031431844776e-07,3.2608827628662e-07,4.5455155166296e-08,1.7738208652018e-08,2.2265676943316e-09
100,143,0,143,7.1871218351022e-07,1.4367954907811e-06,6.3764658725263e-07,4.3081549767457e-07,3.2542978822394e-07,4.5141294728347e-08,1.7564868690643e-08,2.2030089409778e-09
100,144,0,144,7.2012179132152e-07,1.4395995551014e-06,6.3887781387113e-07,4.3126261142708e-07,3.2472312827671e-07,4.4818129500113e-08,1.7387367931208e-08,2.1789216389078e-09
100,145,0,145,7.2145080003061e-07,1.4422299877453e-06,6.4002908256058e-07,4.3165034033399e-07,3.2396386928575e-07,4.4485257779065e-08,1.7205673924312e-08,2.1543075044381e-09
100,146,0,146,7.2268663861866e-07,1.4446654400844e-06,6.410916773438e-07,4.3197311105472e-07,3.2314738992238e-07,4.4142257996814e-08,1.7019751997257e-08,2.1291682654162e-09
100,147,0,147,7.2381478936751e-07,1.4468820484592e-06,6.4205604374145e-07,4.3222508877236e-07,3.2226888683788e-07,4.3788691814004e-08,1.6829565676384e-08,2.1035056726306e-09
100,148,0,148,7.2481870787629e-07,1.4488533695436e-06,6.4291177545704e-07,4.3240018809607e-07,3.2132339820822e-07,4.3424107204647e-08,1.6635076931326e-08,2.0773215096143e-09
100,149,0,149,7.2568012299529e-07,1.4505508439967e-06,6.4364778764766e-07,4.3249214048037e-07,3.2030583542561e-07,4.3048039684956e-08,1.6436246261474e-08,2.0506176030978e-09
100,150,0,150,7.2637993669125e-07,1.4519450522804e-06,6.4425275839703e-07,4.3249462788849e-07,3.1921102318789e-07,4.2660012577701e-08,1.6233032817773e-08,2.0233958350853e-09
100,151,0,151,7.2689983473565e-07,1.4530078629729e-06,6.4471585891608e-07,4.3240146929819e-07,3.1803374108584e-07,4.2259536925935e-08,1.6025394617838e-08,1.9956581561582e-09
100,152,0,152,7.2722436134977e-07,1.4537151166193e-06,6.4502764222739e-07,4.3220681185577e-07,3.167687508344e-07,4.1846111232995e-08,1.5813288835893e-08,1.9674065996831e-09
100,153,0,153,7.27346676728e-07,1.4540515116385e-06,6.4518025749815e-07,4.318997982533e-07,3.1540374181738e-07,4.141832696637e-08,1.5596481278924e-08,1.9386307539302e-09
100,154,0,154,7.2725993300991e-07,1.4540001140995e-06,6.4516527228364e-07,4.3147153828278e-07,3.1392911499293e-07,4.0974959070698e-08,1.537471215405e-08,1.9093145520702e-09
100,155,0,155,7.269592870964e-07,1.4535521241173e-06,6.4497931371454e-07,4.3092169966497e-07,3.1234560433886e-07,4.0516327421132e-08,1.5148162693617e-08,1.8794794898745e-09
100,156,0,156,7.2644872615022e-07,1.4527098116713e-06,6.4462196622612e-07,4.3024650768114e-07,3.1064848912484e-07,4.0042079797503e-08,1.4916867493792e-08,1.849134915488e-09
100,157,0,157,7.2573539371611e-07,1.4514797087067e-06,6.4409424403772e-07,4.2944240629593e-07,3.0883294310943e-07,3.9551829938788e-08,1.4680835827824e-08,1.8182867466379e-09
100,158,0,158,7.2482834940796e-07,1.4498709253203e-06,6.4339800792441e-07,4.2850587897143e-07,3.0689396738014e-07,3.9045159928486e-08,1.4440061011718e-08,1.7869394398947e-09
100,159,0,159,7.2373745218637e-07,1.447893650018e-06,6.4253544769359e-07,4.2743327838549e-07,3.0482632230626e-07,3.8521623460049e-08,1.4194526931028e-08,1.7550969098831e-09
100,160,0,160,7.224725171308e-07,1.4455580264771e-06,6.4150869292506e-07,4.2622067632872e-07,3.0262446135019e-07,3.7980749636375e-08,1.3944212537645e-08,1.7227629624963e-09
100,161,0,161,7.2104274523825e-07,1.4428734050044e-06,6.4031955612521e-07,4.2486376240348e-07,3.0028249318978e-07,3.7422048135481e-08,1.3689094974355e-08,1.6899415064242e-09
100,162,0,162,7.1945635712595e-07,1.4398478757904e-06,6.3896938131856e-07,4.2335780839053e-07,2.977941889443e-07,3.6845015974566e-08,1.3429151799778e-08,1.6566366649123e-09
100,163,0,163,7.17720378328e-07,1.436488007983e-06,6.3745896954739e-07,4.216976818101e-07,2.9515302032804e-07,3.6249144820595e-08,1.3164362631032e-08,1.6228528433628e-09
100,164,0,164,7.158405520409e-07,1.4327987542004e-06,6.3578856057891e-07,4.1987787570584e-07,2.9235220149139e-07,3.5633927662909e-08,1.2894710424595e-08,1.5885947779594e-09
100,165,0,165,7.1382136017261e-07,1.4287834915685e-06,6.3395785608557e-07,4.178925306023e-07,2.8938471786097e-07,3.4998864535839e-08,1.2620182558682e-08,1.5538675767128e-09
100,166,0,166,7.1166612318341e-07,1.4244441620538e-06,6.3196607108325e-07,4.157354416641e-07,2.8624334092293e-07,3.4343467711832e-08,1.2340771833141e-08,1.5186767581149e-09
100,167,0,167,7.0937713426432e-07,1.4197814561634e-06,6.2981199722933e-07,4.1340005699282e-07,2.829206379648e-07,3.366726697652e-08,1.2056477457853e-08,1.4830282897885e-09
100,168,0,168,7.0695578117126e-07,1.4147949793318e-06,6.2749406060618e-07,4.1087947688321e-07,2.79408987861e-07,3.2969815469551e-08,1.1767306067917e-08,1.4469286282352e-09
100,169,0,169,7.0440263115706e-07,1.4094833681551e-06,6.2501036418359e-07,4.081664580417e-07,2.7570060819448e-07,3.2250696332064e-08,1.1473272788907e-08,1.4103847602078e-09
100,170,0,170,7.0171748247335e-07,1.4038443602198e-06,6.2235871518478e-07,4.0525341853522e-07,2.7178759153583e-07,3.1509530189404e-08,1.1174402370945e-08,1.37340424596e-09
100,171,0,171,6.9889939431807e-07,1.397874831884e-06,6.1953664047934e-07,4.0213243715172e-07,2.6766194692085e-07,3.0745983446469e-08,1.0870730407261e-08,1.3359952644815e-09
100,172,0,172,6.9594669787656e-07,1.3915708054323e-06,6.1654138951337e-07,3.9879524434562e-07,2.6331564601378e-07,2.9959777463715e-08,1.0562304649415e-08,1.2981666607186e-09
100,173,0,173,6.9285698252978e-07,1.3849274149477e-06,6.1336992079598e-07,3.9523320475632e-07,2.5874067655931e-07,2.9150698775919e-08,1.0249186429052e-08,1.2599279946996e-09
100,174,0,174,6.8962705056526e-07,1.377938818381e-06,6.1001886705819e-07,3.9143729080111e-07,2.5392910610522e-07,2.8318610538835e-08,9.9314521951743e-09,1.2212895924083e-09
100,175,0,175,6.8625283632059e-07,1.3705980455556e-06,6.0648447424527e-07,3.8739804487544e-07,2.4887315829058e-07,2.7463465383295e-08,9.6091951755525e-09,1.1822625981778e-09
100,176,0,176,6.8272928700649e-07,1.3628967719876e-06,6.0276250878788e-07,3.8310552591454e-07,2.435653038509e-07,2.6585319869519e-08,9.2825271702364e-09,1.1428590282686e-09
100,177,0,177,6.7905019996253e-07,1.3548250026026e-06,5.98848124847e-07,3.7854923450968e-07,2.3799836883636e-07,2.5684350752177e-08,8.951580484666e-09,1.1030918252342e-09
100,178,0,178,6.7520800352278e-07,1.3463706351645e-06,5.9473567733332e-07,3.7371800864357e-07,2.321656626879e-07,2.4760873242581e-08,8.616510006565e-09,1.0629749124573e-09
100,179,0,179,6.7119346137934e-07,1.3375188581828e-06,5.9041845987844e-07,3.685998793163e-07,2.2606112912118e-07,2.3815361441739e-08,8.2774954304261e-09,1.0225232482979e-09
100,180,0,180,6.6699527838122e-07,1.3282513283806e-06,5.858883409995e-07,3.6318187077666e-07,2.1967952331363e-07,2.2848471149188e-08,7.9347436266475e-09,9.817528787022e-10
100,181,0,181,6.6259958676118e-07,1.3185450657343e-06,5.8113526585984e-07,3.574497246466e-07,2.1301661999972e-07,2.1861065374614e-08,7.5884911629736e-09,9.4068098784176e-10
100,182,0,182,6.5798927259209e-07,1.3083709598201e-06,5.7614656982852e-07,3.5138751520705e-07,2.0606945433029e-07,2.0854242698794e-08,7.2390069566589e-09,8.9932594418103e-10
100,183,0,183,6.5314307825108e-07,1.2976917286511e-06,5.7090602567318e-07,3.4497711187329e-07,1.9883659507659e-07,1.9829368557372e-08,6.8865950813041e-09,8.5770734333805e-10
100,184,0,184,6.4803436632589e-07,1.2864590541554e-06,5.6539248973187e-07,3.3819741298016e-07,1.9131843854462e-07,1.878810874032e-08,6.5315976219658e-09,8.1584603976577e-10
100,185,0,185,6.4262945939202e-07,1.2746096356354e-06,5.5957800777596e-07,3.3102327133871e-07,1.8351752036119e-07,1.7732465389069e-08,6.174397728834e-09,7.7376417850976e-10
100,186,0,186,6.3688531409523e-07,1.2620595375862e-06,5.5342506435062e-07,3.2342393163407e-07,1.7543880134981e-07,1.6664812957521e-08,5.8154224343407e-09,7.3148519601867e-10
100,187,0,187,6.307464504684e-07,1.2486964599608e-06,5.468827486191e-07,3.1536086341444e-07,1.6708992491985e-07,1.5587935894562e-08,5.4551460378706e-09,6.8903384880111e-10
100,188,0,188,6.2414023013748e-07,1.2343678130255e-06,5.3988081427525e-07,3.0678445110689e-07,1.5848123697708e-07,1.4505055390884e-08,5.0940920602813e-09,6.4643613515975e-10
100,189,0,189,6.169709708739e-07,1.2188650168287e-06,5.3232166007762e-07,2.9762964390478e-07,1.4962568060377e-07,1.3419857978533e-08,4.7328377732528e-09,6.0371938834293e-10
100,190,0,190,6.0910904373485e-07,1.2018955665783e-06,5.2406630671467e-07,2.8780861975263e-07,1.4053770530797e-07,1.2336472169346e-08,4.3720120297474e-09,5.6091193713877e-10
100,191,0,191,6.0038028736829e-07,1.1830519554504e-06,5.149179624299e-07,2.7720281710144e-07,1.3123227409297e-07,1.1259474641215e-08,4.0123058283355e-09,5.1804360578482e-10
100,192,0,192,5.9053479166775e-07,1.1617341292525e-06,5.0458389162502e-07,2.6564513960972e-07,1.2171988451889e-07,1.0193676030091e-08,3.6544520623e-09,4.7514435088758e-10
100,193,0,193,5.7923611338188e-07,1.1371023978426e-06,4.9264826327683e-07,2.5291101294376e-07,1.1200527090907e-07,9.144157276495e-09,3.2992669210332e-09,4.3224671166208e-10
100,194,0,194,5.659382771486e-07,1.1077962118351e-06,4.7844130152235e-07,2.3866494109763e-07,1.0206786784878e-07,8.1153241483069e-09,2.9475495530628e-09,3.893801908417e-10
100,195,0,195,5.4996124286274e-07,1.0720168146833e-06,4.6106245520579e-07,2.2249487251075e-07,9.1874462492581e-08,7.1116255310654e-09,2.6002722842996e-09,3.4658221971784e-10
100,196,0,196,5.2978493757641e-07,1.0260665659744e-06,4.3874511484743e-07,2.0366872023142e-07,8.1288069834297e-08,6.1333245972445e-09,2.258122815631e-09,3.0387501909421e-10
100,197,0,197,5.0420629389518e-07,9.6644597668396e-07,4.0974946148977e-07,1.8161807639129e-07,7.0226428762052e-08,5.1829312319317e-09,1.9223849639404e-09,2.6131132768985e-10
100,198,0,198,4.6624802174527e-07,8.7828340457408e-07,3.6758094708379e-07,1.5412994406736e-07,5.8051705138244e-08,4.241148812485e-09,1.5928521965444e-09,2.1888284836854e-10
100,199,0,199,4.2251361999598e-07,7.711475044537e-07,3.1595712007579e-07,1.2337889593212e-07,4.5445778539859e-08,3.3299907346843e-09,1.272141833309e-09,1.7669654746188e-10
100,200,0,200,2.9933900891505e-07,5.1554291657783e-07,2.0399342218397e-07,7.3007983502615e-08,2.7281134074055e-08,2.270749732095e-09,9.5378482586142e-10,1.3463803249231e-10
